0,3,727,kamen_rider_zero_one_helmet_by_superherotimefan_dehiyvj-pre.png,671,1191
1,26,812,kamen_rider_zero_one_helmet_by_superherotimefan_dehiyvj-pre.png,671,1191
2,40,885,kamen_rider_zero_one_helmet_by_superherotimefan_dehiyvj-pre.png,671,1191
3,74,939,kamen_rider_zero_one_helmet_by_superherotimefan_dehiyvj-pre.png,671,1191
4,100,1006,kamen_rider_zero_one_helmet_by_superherotimefan_dehiyvj-pre.png,671,1191
5,134,1074,kamen_rider_zero_one_helmet_by_superherotimefan_dehiyvj-pre.png,671,1191
6,165,1124,kamen_rider_zero_one_helmet_by_superherotimefan_dehiyvj-pre.png,671,1191
7,227,1159,kamen_rider_zero_one_helmet_by_superherotimefan_dehiyvj-pre.png,671,1191
8,336,1191,kamen_rider_zero_one_helmet_by_superherotimefan_dehiyvj-pre.png,671,1191
9,425,1163,kamen_rider_zero_one_helmet_by_superherotimefan_dehiyvj-pre.png,671,1191
10,495,1127,kamen_rider_zero_one_helmet_by_superherotimefan_dehiyvj-pre.png,671,1191
11,550,1076,kamen_rider_zero_one_helmet_by_superherotimefan_dehiyvj-pre.png,671,1191
12,578,1006,kamen_rider_zero_one_helmet_by_superherotimefan_dehiyvj-pre.png,671,1191
13,606,941,kamen_rider_zero_one_helmet_by_superherotimefan_dehiyvj-pre.png,671,1191
14,624,885,kamen_rider_zero_one_helmet_by_superherotimefan_dehiyvj-pre.png,671,1191
15,652,812,kamen_rider_zero_one_helmet_by_superherotimefan_dehiyvj-pre.png,671,1191
16,660,730,kamen_rider_zero_one_helmet_by_superherotimefan_dehiyvj-pre.png,671,1191
17,80,631,kamen_rider_zero_one_helmet_by_superherotimefan_dehiyvj-pre.png,671,1191
18,112,590,kamen_rider_zero_one_helmet_by_superherotimefan_dehiyvj-pre.png,671,1191
19,161,570,kamen_rider_zero_one_helmet_by_superherotimefan_dehiyvj-pre.png,671,1191
20,207,576,kamen_rider_zero_one_helmet_by_superherotimefan_dehiyvj-pre.png,671,1191
21,253,603,kamen_rider_zero_one_helmet_by_superherotimefan_dehiyvj-pre.png,671,1191
22,406,601,kamen_rider_zero_one_helmet_by_superherotimefan_dehiyvj-pre.png,671,1191
23,447,578,kamen_rider_zero_one_helmet_by_superherotimefan_dehiyvj-pre.png,671,1191
24,503,570,kamen_rider_zero_one_helmet_by_superherotimefan_dehiyvj-pre.png,671,1191
25,543,594,kamen_rider_zero_one_helmet_by_superherotimefan_dehiyvj-pre.png,671,1191
26,586,631,kamen_rider_zero_one_helmet_by_superherotimefan_dehiyvj-pre.png,671,1191
27,336,673,kamen_rider_zero_one_helmet_by_superherotimefan_dehiyvj-pre.png,671,1191
28,336,715,kamen_rider_zero_one_helmet_by_superherotimefan_dehiyvj-pre.png,671,1191
29,336,778,kamen_rider_zero_one_helmet_by_superherotimefan_dehiyvj-pre.png,671,1191
30,336,831,kamen_rider_zero_one_helmet_by_superherotimefan_dehiyvj-pre.png,671,1191
31,288,861,kamen_rider_zero_one_helmet_by_superherotimefan_dehiyvj-pre.png,671,1191
32,314,873,kamen_rider_zero_one_helmet_by_superherotimefan_dehiyvj-pre.png,671,1191
33,336,885,kamen_rider_zero_one_helmet_by_superherotimefan_dehiyvj-pre.png,671,1191
34,356,872,kamen_rider_zero_one_helmet_by_superherotimefan_dehiyvj-pre.png,671,1191
35,383,857,kamen_rider_zero_one_helmet_by_superherotimefan_dehiyvj-pre.png,671,1191
36,128,697,kamen_rider_zero_one_helmet_by_superherotimefan_dehiyvj-pre.png,671,1191
37,158,681,kamen_rider_zero_one_helmet_by_superherotimefan_dehiyvj-pre.png,671,1191
38,198,683,kamen_rider_zero_one_helmet_by_superherotimefan_dehiyvj-pre.png,671,1191
39,229,703,kamen_rider_zero_one_helmet_by_superherotimefan_dehiyvj-pre.png,671,1191
40,193,725,kamen_rider_zero_one_helmet_by_superherotimefan_dehiyvj-pre.png,671,1191
41,148,720,kamen_rider_zero_one_helmet_by_superherotimefan_dehiyvj-pre.png,671,1191
42,438,705,kamen_rider_zero_one_helmet_by_superherotimefan_dehiyvj-pre.png,671,1191
43,465,685,kamen_rider_zero_one_helmet_by_superherotimefan_dehiyvj-pre.png,671,1191
44,507,685,kamen_rider_zero_one_helmet_by_superherotimefan_dehiyvj-pre.png,671,1191
45,536,702,kamen_rider_zero_one_helmet_by_superherotimefan_dehiyvj-pre.png,671,1191
46,514,725,kamen_rider_zero_one_helmet_by_superherotimefan_dehiyvj-pre.png,671,1191
47,474,723,kamen_rider_zero_one_helmet_by_superherotimefan_dehiyvj-pre.png,671,1191
48,270,973,kamen_rider_zero_one_helmet_by_superherotimefan_dehiyvj-pre.png,671,1191
49,290,960,kamen_rider_zero_one_helmet_by_superherotimefan_dehiyvj-pre.png,671,1191
50,311,949,kamen_rider_zero_one_helmet_by_superherotimefan_dehiyvj-pre.png,671,1191
51,335,953,kamen_rider_zero_one_helmet_by_superherotimefan_dehiyvj-pre.png,671,1191
52,359,947,kamen_rider_zero_one_helmet_by_superherotimefan_dehiyvj-pre.png,671,1191
53,383,956,kamen_rider_zero_one_helmet_by_superherotimefan_dehiyvj-pre.png,671,1191
54,399,972,kamen_rider_zero_one_helmet_by_superherotimefan_dehiyvj-pre.png,671,1191
55,383,989,kamen_rider_zero_one_helmet_by_superherotimefan_dehiyvj-pre.png,671,1191
56,362,996,kamen_rider_zero_one_helmet_by_superherotimefan_dehiyvj-pre.png,671,1191
57,334,998,kamen_rider_zero_one_helmet_by_superherotimefan_dehiyvj-pre.png,671,1191
58,308,994,kamen_rider_zero_one_helmet_by_superherotimefan_dehiyvj-pre.png,671,1191
59,291,990,kamen_rider_zero_one_helmet_by_superherotimefan_dehiyvj-pre.png,671,1191
60,289,976,kamen_rider_zero_one_helmet_by_superherotimefan_dehiyvj-pre.png,671,1191
61,309,965,kamen_rider_zero_one_helmet_by_superherotimefan_dehiyvj-pre.png,671,1191
62,335,965,kamen_rider_zero_one_helmet_by_superherotimefan_dehiyvj-pre.png,671,1191
63,360,964,kamen_rider_zero_one_helmet_by_superherotimefan_dehiyvj-pre.png,671,1191
64,381,973,kamen_rider_zero_one_helmet_by_superherotimefan_dehiyvj-pre.png,671,1191
65,359,981,kamen_rider_zero_one_helmet_by_superherotimefan_dehiyvj-pre.png,671,1191
66,336,987,kamen_rider_zero_one_helmet_by_superherotimefan_dehiyvj-pre.png,671,1191
67,310,983,kamen_rider_zero_one_helmet_by_superherotimefan_dehiyvj-pre.png,671,1191